First Name,Last Name,Email Address,Password,Password Hash Function,Org Unit Path,New Primary Email,Recovery Email,Home Secondary Email,Work Secondary Email,Recovery Phone
test03,LIN,test03@gws.jasonengr.com,1qaz@WSX3edc,,/Sales,,,,,
test04,LIN,test04@gws.jasonengr.com,1qaz@WSX3edc,,/Sales,,,,,
test05,LIN,test05@gws.jasonengr.com,1qaz@WSX3edc,,/Sales,,,,,
test06,LIN,test06@gws.jasonengr.com,1qaz@WSX3edc,,/Sales,,,,,
test07,LIN,test07@gws.jasonengr.com,1qaz@WSX3edc,,/Sales,,,,,
test08,LIN,test08@gws.jasonengr.com,1qaz@WSX3edc,,/Sales,,,,,
test09,LIN,test09@gws.jasonengr.com,1qaz@WSX3edc,,/Sales,,,,,
test10,LIN,test10@gws.jasonengr.com,1qaz@WSX3edc,,/Sales,,,,,
test11,LIN,test11@gws.jasonengr.com,1qaz@WSX3edc,,/Sales,,,,,
test12,LIN,test12@gws.jasonengr.com,1qaz@WSX3edc,,/Support,,,,,
test13,LIN,test13@gws.jasonengr.com,1qaz@WSX3edc,,/Support,,,,,
test14,LIN,test14@gws.jasonengr.com,1qaz@WSX3edc,,/Support,,,,,
test15,LIN,test15@gws.jasonengr.com,1qaz@WSX3edc,,/Support,,,,,
test16,LIN,test16@gws.jasonengr.com,1qaz@WSX3edc,,/Support,,,,,
test17,LIN,test17@gws.jasonengr.com,1qaz@WSX3edc,,/Support,,,,,
test18,LIN,test18@gws.jasonengr.com,1qaz@WSX3edc,,/Support,,,,,
test19,LIN,test19@gws.jasonengr.com,1qaz@WSX3edc,,/Support,,,,,
test20,LIN,test20@gws.jasonengr.com,1qaz@WSX3edc,,/Support,,,,,
